Player,Link
Abe Kazuhiro,https://npb.jp/bis/eng/players/91195155.html
Abe Shota,https://npb.jp/bis/eng/players/01105153.html
Abe Toshiki,https://npb.jp/bis/eng/players/61165132.html
Abreu Albert,https://npb.jp/bis/eng/players/73575159.html
Adachi Ryoichi,https://npb.jp/bis/eng/players/31135135.html
Aduwa Makoto,https://npb.jp/bis/eng/players/31135134.html
Aguilar Jesus,https://npb.jp/bis/eng/players/53555159.html
Aibara Ryunosuke,https://npb.jp/bis/eng/players/31135155.html
Aizawa Hakuto,https://npb.jp/bis/eng/players/31135157.html
Aizawa Tsubasa,https://npb.jp/bis/eng/players/31135114.html
Akaba Ren,https://npb.jp/bis/eng/players/71175157.html
Akagami Yuto,https://npb.jp/bis/eng/players/31135153.html
Akahane Yoshihiro,https://npb.jp/bis/eng/players/51155153.html
Akahoshi Yuji,https://npb.jp/bis/eng/players/51155155.html
Akatsuka Kento,https://npb.jp/bis/eng/players/51155159.html
Akihiro Yuto,https://npb.jp/bis/eng/players/71175153.html
Akiyama Seiun,https://npb.jp/bis/eng/players/71175155.html
Akiyama Shogo,https://npb.jp/bis/eng/players/31135133.html
Akiyama Takumi,https://npb.jp/bis/eng/players/51155131.html
Almonte David,https://npb.jp/bis/eng/players/93595159.html
Alvarez Frank,https://npb.jp/bis/eng/players/13715155.html
Anzai Kanato,https://npb.jp/bis/eng/players/01105157.html
Aoki Norichika,https://npb.jp/bis/eng/players/31135119.html
Aono Takumi,https://npb.jp/bis/eng/players/31135159.html
Aoyagi Koyo,https://npb.jp/bis/eng/players/71175132.html
Aoyama Minato,https://npb.jp/bis/eng/players/51155157.html
Arihara Kohei,https://npb.jp/bis/eng/players/51155130.html
Arizono Naoki,https://npb.jp/bis/eng/players/01105155.html
Armenta Alexander,https://npb.jp/bis/eng/players/33735155.html
Asama Daiki,https://npb.jp/bis/eng/players/31135130.html
Asamura Hideto,https://npb.jp/bis/eng/players/51155118.html
Asano Shogo,https://npb.jp/bis/eng/players/91195157.html
Ashida Taketo,https://npb.jp/bis/eng/players/71175159.html
Austin Tyler,https://npb.jp/bis/eng/players/73375151.html
Awatsu Kaito,https://npb.jp/bis/eng/players/71175138.html
Azuma Junpei,https://npb.jp/bis/eng/players/51155151.html
Azuma Katsuki,https://npb.jp/bis/eng/players/51155136.html
Azuma Kohei,https://npb.jp/bis/eng/players/71175136.html
Azuma Yusuke,https://npb.jp/bis/eng/players/31135138.html
Baba Kosuke,https://npb.jp/bis/eng/players/41445136.html
Baldonado Alberto,https://npb.jp/bis/eng/players/23225157.html
Bandoh Yugo,https://npb.jp/bis/eng/players/21425138.html
Beasley Jeremy,https://npb.jp/bis/eng/players/03905157.html
Betances Jose,https://npb.jp/bis/eng/players/83085159.html
Bright Kenta,https://npb.jp/bis/eng/players/71875155.html
Calixte Orlando,https://npb.jp/bis/eng/players/93795157.html
Castillo Luis,https://npb.jp/bis/eng/players/73775157.html
Cedeno Leandro,https://npb.jp/bis/eng/players/13915157.html
Chano Tokumasa,https://npb.jp/bis/eng/players/61065157.html
Chatani Kenta,https://npb.jp/bis/eng/players/71275132.html
Chiba Takahiro,https://npb.jp/bis/eng/players/41245159.html
Chikamoto Koji,https://npb.jp/bis/eng/players/71075138.html
Chino Naoto,https://npb.jp/bis/eng/players/91095138.html
Chono Hisayoshi,https://npb.jp/bis/eng/players/91995131.html
Cordero Franchy,https://npb.jp/bis/eng/players/53755159.html
Cordero Jimmy,https://npb.jp/bis/eng/players/73775159.html
Corniel Robert,https://npb.jp/bis/eng/players/53955151.html
Diaz Yofrec,https://npb.jp/bis/eng/players/43545151.html
Dickerson Alex,https://npb.jp/bis/eng/players/33935159.html
Dohbayashi Shota,https://npb.jp/bis/eng/players/61965131.html
Dohi Seiya,https://npb.jp/bis/eng/players/31435134.html
Downs Jeter,https://npb.jp/bis/eng/players/43245159.html
Dykstra James,https://npb.jp/bis/eng/players/13915159.html
Ebina Tatsuo,https://npb.jp/bis/eng/players/51555151.html
Egawa Yuto,https://npb.jp/bis/eng/players/31535151.html
Egoshi Taiga,https://npb.jp/bis/eng/players/21325130.html
Endo Jo,https://npb.jp/bis/eng/players/71575151.html
Endoh Atsushi,https://npb.jp/bis/eng/players/71375136.html
Espada Jose,https://npb.jp/bis/eng/players/23525159.html
Espinoza Anderson,https://npb.jp/bis/eng/players/43545159.html
Felix Mailon,https://npb.jp/bis/eng/players/03005155.html
Feliz Michael,https://npb.jp/bis/eng/players/83285157.html
Fernandez Junior,https://npb.jp/bis/eng/players/03905159.html
Ford Mike,https://npb.jp/bis/eng/players/03205159.html
Franco Maikel,https://npb.jp/bis/eng/players/63965157.html
Fujihira Shoma,https://npb.jp/bis/eng/players/61665134.html
Fujii Kouya,https://npb.jp/bis/eng/players/51655130.html
Fujii Masaru,https://npb.jp/bis/eng/players/71875153.html
Fujii Reira,https://npb.jp/bis/eng/players/21625136.html
Fujino Keio,https://npb.jp/bis/eng/players/51855155.html
Fujioka Yudai,https://npb.jp/bis/eng/players/41645136.html
Fujishima Kento,https://npb.jp/bis/eng/players/21625134.html
Fujita Jumpei,https://npb.jp/bis/eng/players/71875159.html
Fujita Kazuki,https://npb.jp/bis/eng/players/51855159.html
Fujita Kento,https://npb.jp/bis/eng/players/91695151.html
Fujita Taisei,https://npb.jp/bis/eng/players/11815157.html
Fujita Yutaro,https://npb.jp/bis/eng/players/91895159.html
Fujiwara Haruto,https://npb.jp/bis/eng/players/01805159.html
Fujiwara Kyota,https://npb.jp/bis/eng/players/31635138.html
Fukazawa Osuke,https://npb.jp/bis/eng/players/61665155.html
Fuku Hiroto,https://npb.jp/bis/eng/players/41645132.html
Fukuda Koki,https://npb.jp/bis/eng/players/51655151.html
Fukuda Konosuke,https://npb.jp/bis/eng/players/31835159.html
Fukuda Shuhei,https://npb.jp/bis/eng/players/01605136.html
Fukuda Suguru,https://npb.jp/bis/eng/players/11615138.html
Fukumoto Yuma,https://npb.jp/bis/eng/players/31835155.html
Fukunaga Hiroki,https://npb.jp/bis/eng/players/81685157.html
Fukunaga Sho,https://npb.jp/bis/eng/players/11815155.html
Fukushima Kein,https://npb.jp/bis/eng/players/11815159.html
Fukushima Ren,https://npb.jp/bis/eng/players/81685155.html
Fukushima Shota,https://npb.jp/bis/eng/players/51855153.html
Fukutani Koji,https://npb.jp/bis/eng/players/21025137.html
Funabasama Hiromasa,https://npb.jp/bis/eng/players/31835157.html
Funakoshi Hidetora,https://npb.jp/bis/eng/players/01605151.html
Furuichi Takeru,https://npb.jp/bis/eng/players/91895155.html
Furukawa Yudai,https://npb.jp/bis/eng/players/01805153.html
Furukawa Yuri,https://npb.jp/bis/eng/players/41245139.html
Furukawa Yuudai,https://npb.jp/bis/eng/players/51855157.html
Furuya Takuro,https://npb.jp/bis/eng/players/51655138.html
Fushimi Torai,https://npb.jp/bis/eng/players/61065137.html
Futaki Kota,https://npb.jp/bis/eng/players/21225139.html
Futamata Shoichi,https://npb.jp/bis/eng/players/91895153.html
Garcia Anthony,https://npb.jp/bis/eng/players/83585159.html
Gen Kendai,https://npb.jp/bis/eng/players/21925153.html
Genda Sosuke,https://npb.jp/bis/eng/players/71775134.html
Gibo Sho,https://npb.jp/bis/eng/players/51755138.html
Gonda Ryusei,https://npb.jp/bis/eng/players/61765159.html
Gonzalez Marwin,https://npb.jp/bis/eng/players/83085157.html
Gotoh Shunta,https://npb.jp/bis/eng/players/81785133.html
Griffin Foster,https://npb.jp/bis/eng/players/03705157.html
Guerra Javy,https://npb.jp/bis/eng/players/33735159.html
Gunji Yuya,https://npb.jp/bis/eng/players/21925151.html
Habu Shohta,https://npb.jp/bis/eng/players/51655159.html
Hada Shinnosuke,https://npb.jp/bis/eng/players/51655155.html
Hagio Masaya,https://npb.jp/bis/eng/players/81485157.html
Hagiwara Tetsu,https://npb.jp/bis/eng/players/61665153.html
Hama Shonosuke,https://npb.jp/bis/eng/players/71675157.html
Hamachi Masumi,https://npb.jp/bis/eng/players/71675134.html
Hamada Taiki,https://npb.jp/bis/eng/players/71675159.html
Hamada Taiki,https://npb.jp/bis/eng/players/91495138.html
Hamaguchi Haruhiro,https://npb.jp/bis/eng/players/51655134.html
Hamaya Shota,https://npb.jp/bis/eng/players/61465151.html
Hanada Yuki,https://npb.jp/bis/eng/players/71675155.html
Hara Juri,https://npb.jp/bis/eng/players/31635132.html
Haraguchi Fumihito,https://npb.jp/bis/eng/players/61065131.html
Hasebe Ginji,https://npb.jp/bis/eng/players/51655157.html
Hasegawa Hiroki,https://npb.jp/bis/eng/players/11615134.html
Hasegawa Shinya,https://npb.jp/bis/eng/players/81685153.html
Hasegawa Takehiro,https://npb.jp/bis/eng/players/31635155.html
Hashimoto Seiya,https://npb.jp/bis/eng/players/11615157.html
Hashimoto Tatsuya,https://npb.jp/bis/eng/players/31635157.html
Hashimoto Yuki,https://npb.jp/bis/eng/players/21425151.html
Hatake Seishu,https://npb.jp/bis/eng/players/31635134.html
Hatch Thomas,https://npb.jp/bis/eng/players/93995159.html
Hatsuki Ryutaro,https://npb.jp/bis/eng/players/71475138.html
Hayakawa Takahisa,https://npb.jp/bis/eng/players/31835153.html
Hayasaka Oto,https://npb.jp/bis/eng/players/91695159.html
Hayashi Kota,https://npb.jp/bis/eng/players/01405138.html
Hayashi Takuma,https://npb.jp/bis/eng/players/91695157.html
Hayashi Yuki,https://npb.jp/bis/eng/players/01605157.html
Hearn Taylor,https://npb.jp/bis/eng/players/73975159.html
Heinai Ryuta,https://npb.jp/bis/eng/players/21825153.html
Hernandez Darwinzon,https://npb.jp/bis/eng/players/33435157.html
Hernandez Elier,https://npb.jp/bis/eng/players/33235159.html
Hidaka Atsumi,https://npb.jp/bis/eng/players/41645157.html
Higa Motoki,https://npb.jp/bis/eng/players/81085131.html
Higashihama Nao,https://npb.jp/bis/eng/players/01005137.html
Higuchi Seishu,https://npb.jp/bis/eng/players/21625157.html
Higuma Montell,https://npb.jp/bis/eng/players/23125157.html
Hinata Naoki,https://npb.jp/bis/eng/players/01605159.html
Hirai Katsunori,https://npb.jp/bis/eng/players/91695134.html
Hirano Yamato,https://npb.jp/bis/eng/players/11615151.html
Hirano Yoshihisa,https://npb.jp/bis/eng/players/81285112.html
Hiranuma Shota,https://npb.jp/bis/eng/players/01605132.html
Hirasawa Taiga,https://npb.jp/bis/eng/players/91695132.html
Hirata Daiju,https://npb.jp/bis/eng/players/21625159.html
Hirayama Kota,https://npb.jp/bis/eng/players/41645159.html
Hirohata Atsuya,https://npb.jp/bis/eng/players/41645155.html
Hirooka Taishi,https://npb.jp/bis/eng/players/21625132.html
Hirose Ryuta,https://npb.jp/bis/eng/players/61665159.html
Hiruma Takuya,https://npb.jp/bis/eng/players/61665157.html
Hiwatari Touki,https://npb.jp/bis/eng/players/81685159.html
Honda Hitomi,https://npb.jp/bis/eng/players/61665136.html
Honda Keisuke,https://npb.jp/bis/eng/players/31835132.html
Hori Mizuki,https://npb.jp/bis/eng/players/51855134.html
Hori Shuna,https://npb.jp/bis/eng/players/81885159.html
Horie Atsuya,https://npb.jp/bis/eng/players/21625130.html
Horioka Hayato,https://npb.jp/bis/eng/players/71875134.html
Horiuchi Kengo,https://npb.jp/bis/eng/players/11815132.html
Hoshi Tomoya,https://npb.jp/bis/eng/players/11815134.html
Hoshino Hinode,https://npb.jp/bis/eng/players/41845159.html
Hoshino Kotaro,https://npb.jp/bis/eng/players/21825159.html
Hoshino Mao,https://npb.jp/bis/eng/players/01805155.html
Hosokawa Ryohei,https://npb.jp/bis/eng/players/61865153.html
Hosokawa Seiya,https://npb.jp/bis/eng/players/31835134.html
Hosono Haruki,https://npb.jp/bis/eng/players/61865159.html
Hotta Kenshin,https://npb.jp/bis/eng/players/21625151.html
Huang Chin-Hao,https://npb.jp/bis/eng/players/73275159.html
Ibaragi Hidetoshi,https://npb.jp/bis/eng/players/81185157.html
Iguchi Kazutomo,https://npb.jp/bis/eng/players/31335132.html
Ikeda Raito,https://npb.jp/bis/eng/players/21125155.html
Ikeda Ryoma,https://npb.jp/bis/eng/players/41145155.html
Ikeda Takahide,https://npb.jp/bis/eng/players/01105134.html
Ikhine Itua,https://npb.jp/bis/eng/players/11315157.html
Imagawa Yuma,https://npb.jp/bis/eng/players/21325153.html
Imai Tatsuya,https://npb.jp/bis/eng/players/31335134.html
Imamiya Kenta,https://npb.jp/bis/eng/players/31335131.html
Imamura Nobutaka,https://npb.jp/bis/eng/players/31335135.html
Inoue Haruto,https://npb.jp/bis/eng/players/51355151.html
Inoue Hiroki,https://npb.jp/bis/eng/players/71375151.html
Inoue Kento,https://npb.jp/bis/eng/players/31335159.html
Inoue Kouta,https://npb.jp/bis/eng/players/31335151.html
Inoue Seiya,https://npb.jp/bis/eng/players/11315139.html
Inoue Tomoya,https://npb.jp/bis/eng/players/01305153.html
Irie Daiki,https://npb.jp/bis/eng/players/41345153.html
Irie Taisei,https://npb.jp/bis/eng/players/61365153.html
Iriyama Kaito,https://npb.jp/bis/eng/players/31335157.html
Ise Hiromu,https://npb.jp/bis/eng/players/41145151.html
Ishibashi Kota,https://npb.jp/bis/eng/players/91195138.html
Ishida Kenta,https://npb.jp/bis/eng/players/11315130.html
Ishida Yutaro,https://npb.jp/bis/eng/players/21125159.html
Ishigaki Masami,https://npb.jp/bis/eng/players/41145134.html
Ishiguro Yuya,https://npb.jp/bis/eng/players/01105159.html
Ishihara Tomoki,https://npb.jp/bis/eng/players/21125151.html
Ishihara Tsuyoshi,https://npb.jp/bis/eng/players/61165134.html
Ishihara Yuki,https://npb.jp/bis/eng/players/41145159.html
Ishii Daichi,https://npb.jp/bis/eng/players/41145153.html
Ishii Kazunari,https://npb.jp/bis/eng/players/21125134.html
Ishikami Taiki,https://npb.jp/bis/eng/players/91195159.html
Ishikawa Ayumu,https://npb.jp/bis/eng/players/41145139.html
Ishikawa Masanori,https://npb.jp/bis/eng/players/11315115.html
Ishikawa Naoya,https://npb.jp/bis/eng/players/61165130.html
Ishikawa Ryo,https://npb.jp/bis/eng/players/81185139.html
Ishikawa Shingo,https://npb.jp/bis/eng/players/01105135.html
Ishikawa Sho,https://npb.jp/bis/eng/players/21125136.html
Ishikawa Shuta,https://npb.jp/bis/eng/players/61165139.html
Ishikawa Takaya,https://npb.jp/bis/eng/players/91195151.html
Ishikawa Tatsuya,https://npb.jp/bis/eng/players/61165153.html
Ishimori Taisei,https://npb.jp/bis/eng/players/11315155.html
Ishita Hayato,https://npb.jp/bis/eng/players/81185155.html
Ishiyama Taichi,https://npb.jp/bis/eng/players/21125137.html
Ishizuka Soichiro,https://npb.jp/bis/eng/players/01105151.html
Isobata Ryota,https://npb.jp/bis/eng/players/11315153.html
Isomura Yoshitaka,https://npb.jp/bis/eng/players/81185133.html
Itayama Yutaro,https://npb.jp/bis/eng/players/91395132.html
Itogawa Ryota,https://npb.jp/bis/eng/players/11315159.html
Itoh Daisuke,https://npb.jp/bis/eng/players/11315151.html
Itoh Hikaru,https://npb.jp/bis/eng/players/81185116.html
Itoh Hiromi,https://npb.jp/bis/eng/players/51355153.html
Itoh Mao,https://npb.jp/bis/eng/players/61165157.html
Itoh Masashi,https://npb.jp/bis/eng/players/71375153.html
Itoh Ryo,https://npb.jp/bis/eng/players/31335155.html
Itoh Ryui,https://npb.jp/bis/eng/players/81185159.html
Itoh Sho,https://npb.jp/bis/eng/players/11315136.html
Itoh Yukiya,https://npb.jp/bis/eng/players/41145138.html
Itoh Yusuke,https://npb.jp/bis/eng/players/91395153.html
Itohara Kento,https://npb.jp/bis/eng/players/81185134.html
Itsubo Hinase,https://npb.jp/bis/eng/players/41145157.html
Iwai Shunsuke,https://npb.jp/bis/eng/players/51355159.html
Iwasada Yuta,https://npb.jp/bis/eng/players/51355139.html
Iwasaki Sho,https://npb.jp/bis/eng/players/31335116.html
Iwashita Daiki,https://npb.jp/bis/eng/players/91395130.html
Iwata Masaki,https://npb.jp/bis/eng/players/81385153.html
Iwata Yukihiro,https://npb.jp/bis/eng/players/51355155.html
Iwazaki Suguru,https://npb.jp/bis/eng/players/31335139.html
Izaki Sanshiro,https://npb.jp/bis/eng/players/61165155.html
Izuguchi Yuta,https://npb.jp/bis/eng/players/61165159.html
Izumi Keisuke,https://npb.jp/bis/eng/players/01105138.html
Jackson Andre,https://npb.jp/bis/eng/players/43745159.html
Joko Ryota,https://npb.jp/bis/eng/players/01905157.html
Kadowaki Makoto,https://npb.jp/bis/eng/players/11515157.html
Kagiya Yohei,https://npb.jp/bis/eng/players/51555137.html
Kai Ikumi,https://npb.jp/bis/eng/players/21125157.html
Kai Takuya,https://npb.jp/bis/eng/players/91595133.html
Kaino Hiroshi,https://npb.jp/bis/eng/players/51555138.html
Kajitani Takayuki,https://npb.jp/bis/eng/players/61565114.html
Kajiwara Kouki,https://npb.jp/bis/eng/players/51555155.html
Kajiya Ren,https://npb.jp/bis/eng/players/21525139.html
Kakigi Ren,https://npb.jp/bis/eng/players/71575138.html
Kakigoshi Kenshin,https://npb.jp/bis/eng/players/91595138.html
Kakinuma Tomoya,https://npb.jp/bis/eng/players/21525132.html
Kakunaka Katsuya,https://npb.jp/bis/eng/players/41545114.html
Kameda Keita,https://npb.jp/bis/eng/players/21525155.html
Kamichatani Taiga,https://npb.jp/bis/eng/players/81585138.html
Kamikawabata Daigo,https://npb.jp/bis/eng/players/01505155.html
Kamizato Kazuki,https://npb.jp/bis/eng/players/71575136.html
Kamouchi Eiji,https://npb.jp/bis/eng/players/41545155.html
Kanakubo Yuto,https://npb.jp/bis/eng/players/51555136.html
Kaneda Yuta,https://npb.jp/bis/eng/players/31535157.html
Kaneko Koji,https://npb.jp/bis/eng/players/21525159.html
Kaneko Yuji,https://npb.jp/bis/eng/players/01505137.html
Kanemura Shoma,https://npb.jp/bis/eng/players/51555157.html
Karakawa Yuki,https://npb.jp/bis/eng/players/21525116.html
Karashima Wataru,https://npb.jp/bis/eng/players/01505118.html
Kasashima Naoki,https://npb.jp/bis/eng/players/51755153.html
Kasaya Shunsuke,https://npb.jp/bis/eng/players/01505130.html
Katayama Yuya,https://npb.jp/bis/eng/players/01505138.html
Katekaru Kouta,https://npb.jp/bis/eng/players/71775153.html
Kato Ryuma,https://npb.jp/bis/eng/players/01505159.html
Kato Tsubasa,https://npb.jp/bis/eng/players/01705153.html
Katoh Gosuke,https://npb.jp/bis/eng/players/81385157.html
Katoh Koki,https://npb.jp/bis/eng/players/71575155.html
Katoh Ren,https://npb.jp/bis/eng/players/21725153.html
Katoh Shohei,https://npb.jp/bis/eng/players/91595137.html
Katoh Sora,https://npb.jp/bis/eng/players/91595155.html
Katoh Takayuki,https://npb.jp/bis/eng/players/41545132.html
Katoh Takuma,https://npb.jp/bis/eng/players/41545130.html
Katoh Yamato,https://npb.jp/bis/eng/players/91595159.html
Katsuki Kazuya,https://npb.jp/bis/eng/players/21525130.html
Katsumata Atsushi,https://npb.jp/bis/eng/players/41545138.html
Katsumata Rui,https://npb.jp/bis/eng/players/61365157.html
Katsuno Akiyoshi,https://npb.jp/bis/eng/players/21525138.html
Katsuren Haruki,https://npb.jp/bis/eng/players/41745151.html
Kawabata Shingo,https://npb.jp/bis/eng/players/31735112.html
Kawachi Kosuke,https://npb.jp/bis/eng/players/81585159.html
Kawagoe Seiji,https://npb.jp/bis/eng/players/81585132.html
Kawahara Riku,https://npb.jp/bis/eng/players/11715138.html
Kawakami Rii,https://npb.jp/bis/eng/players/41545159.html
Kawamura Tokito,https://npb.jp/bis/eng/players/61765153.html
Kawamura Yuto,https://npb.jp/bis/eng/players/11715155.html
Kawano Kei,https://npb.jp/bis/eng/players/71575157.html
Kawano Ryota,https://npb.jp/bis/eng/players/11915151.html
Kawano Ryusei,https://npb.jp/bis/eng/players/81785151.html
Kawano Sota,https://npb.jp/bis/eng/players/11715159.html
Kawarada Jumpei,https://npb.jp/bis/eng/players/81785153.html
Kawasaki Haruto,https://npb.jp/bis/eng/players/61565155.html
Kawase Hikaru,https://npb.jp/bis/eng/players/11715132.html
Kawase Kento,https://npb.jp/bis/eng/players/41745153.html
Kawashimo Masahiro,https://npb.jp/bis/eng/players/61565159.html
Kay Anthony,https://npb.jp/bis/eng/players/13715159.html
Kayama Shinya,https://npb.jp/bis/eng/players/91595135.html
Kazama Kyuta,https://npb.jp/bis/eng/players/31535155.html
Keller Kyle,https://npb.jp/bis/eng/players/73975155.html
Kemna Makoto,https://npb.jp/bis/eng/players/71775136.html
Keuchel Dallas,https://npb.jp/bis/eng/players/63265159.html
Kikuchi Riku,https://npb.jp/bis/eng/players/91595157.html
Kikuchi Ryosuke,https://npb.jp/bis/eng/players/61565135.html
Kikuchi Taiki,https://npb.jp/bis/eng/players/31735155.html
Kikuta Hirokazu,https://npb.jp/bis/eng/players/31935151.html
Kikuta Towa,https://npb.jp/bis/eng/players/31735159.html
Kimura Hikaru,https://npb.jp/bis/eng/players/41545157.html
Kimura Taisei,https://npb.jp/bis/eng/players/71775155.html
Kimura Yuto,https://npb.jp/bis/eng/players/71775159.html
Kinami Seiya,https://npb.jp/bis/eng/players/31735138.html
Kinoshita Motohide,https://npb.jp/bis/eng/players/71975151.html
Kinoshita Motoya,https://npb.jp/bis/eng/players/71975153.html
Kinoshita Takuya,https://npb.jp/bis/eng/players/31735132.html
Kirishiki Takuma,https://npb.jp/bis/eng/players/01705155.html
Kise Shota,https://npb.jp/bis/eng/players/51755159.html
Kishi Junichiro,https://npb.jp/bis/eng/players/51955151.html
Kishi Takayuki,https://npb.jp/bis/eng/players/91795114.html
Kishida Yukinori,https://npb.jp/bis/eng/players/91595136.html
Kisu Felipe,https://npb.jp/bis/eng/players/91695136.html
Kita Ryoto,https://npb.jp/bis/eng/players/51955153.html
Kita Ryusuke,https://npb.jp/bis/eng/players/31935153.html
Kitamura Keigo,https://npb.jp/bis/eng/players/01505157.html
Kitamura Rio,https://npb.jp/bis/eng/players/21525157.html
Kitamura Takumi,https://npb.jp/bis/eng/players/21525136.html
Kitaura Ryuji,https://npb.jp/bis/eng/players/01505136.html
Kitayama Koki,https://npb.jp/bis/eng/players/51755155.html
Kiyomiya Kotaro,https://npb.jp/bis/eng/players/41545136.html
Kizawa Naofumi,https://npb.jp/bis/eng/players/11915153.html
Kobayashi Jui,https://npb.jp/bis/eng/players/41945151.html
Kobayashi Seiji,https://npb.jp/bis/eng/players/91795139.html
Kobayashi Tatsuto,https://npb.jp/bis/eng/players/61965153.html
Kobukata Daichi,https://npb.jp/bis/eng/players/81985153.html
Kobukata Hiroto,https://npb.jp/bis/eng/players/61965151.html
Kodama Ryosuke,https://npb.jp/bis/eng/players/51755157.html
Koga Kosei,https://npb.jp/bis/eng/players/31735157.html
Koga Yudai,https://npb.jp/bis/eng/players/01705134.html
Koga Yuto,https://npb.jp/bis/eng/players/81785155.html
Kogita Atsuya,https://npb.jp/bis/eng/players/11915155.html
Kohno Hikaru,https://npb.jp/bis/eng/players/01705159.html
Kohri Takuya,https://npb.jp/bis/eng/players/91795134.html
Koja Tatsuki,https://npb.jp/bis/eng/players/21725159.html
Komago Ryuji,https://npb.jp/bis/eng/players/71775157.html
Komine Shinri,https://npb.jp/bis/eng/players/81985151.html
Komori Kohtaro,https://npb.jp/bis/eng/players/51955155.html
Kondo Ren,https://npb.jp/bis/eng/players/11015153.html
Kondo Taiga,https://npb.jp/bis/eng/players/81785159.html
Kondoh Hiroki,https://npb.jp/bis/eng/players/01705136.html
Kondoh Kensuke,https://npb.jp/bis/eng/players/41745135.html
Kondoh Taisuke,https://npb.jp/bis/eng/players/81785132.html
Konno Ryuta,https://npb.jp/bis/eng/players/21725139.html
Konno Ryuto,https://npb.jp/bis/eng/players/01705157.html
Koresawa Ryosuke,https://npb.jp/bis/eng/players/91795157.html
Kotajima Seiryu,https://npb.jp/bis/eng/players/41745159.html
Kozawa Reiji,https://npb.jp/bis/eng/players/01705132.html
Kozono Kaito,https://npb.jp/bis/eng/players/01705138.html
Kozono Kenta,https://npb.jp/bis/eng/players/31935155.html
Kubo Shu,https://npb.jp/bis/eng/players/81585157.html
Kuki Ryuhei,https://npb.jp/bis/eng/players/31735134.html
Kumagai Takahiro,https://npb.jp/bis/eng/players/81585136.html
Kuniyoshi Yuki,https://npb.jp/bis/eng/players/01705131.html
Kurebayashi Kotaro,https://npb.jp/bis/eng/players/91995151.html
Kuri Aren,https://npb.jp/bis/eng/players/71775139.html
Kuribayashi Ryoji,https://npb.jp/bis/eng/players/91995153.html
Kurihara Ryoya,https://npb.jp/bis/eng/players/01705130.html
Kuriyama Takumi,https://npb.jp/bis/eng/players/51755115.html
Kuroda Masaya,https://npb.jp/bis/eng/players/21725155.html
Kurohara Takumi,https://npb.jp/bis/eng/players/41745155.html
Kurokawa Fumiya,https://npb.jp/bis/eng/players/01905151.html
Kurokawa Kaisei,https://npb.jp/bis/eng/players/11715157.html
Kuroki Yuta,https://npb.jp/bis/eng/players/51755134.html
Kuroyanagi Kyosuke,https://npb.jp/bis/eng/players/61765155.html
Kusaka Sho,https://npb.jp/bis/eng/players/91795159.html
Kusano Haruto,https://npb.jp/bis/eng/players/61565157.html
Kusumoto Taishi,https://npb.jp/bis/eng/players/61565136.html
Kuwahara Masayuki,https://npb.jp/bis/eng/players/51755135.html
Kuwahara Shuji,https://npb.jp/bis/eng/players/01905153.html
Kuwahara Takuya,https://npb.jp/bis/eng/players/31735136.html
Kyoda Yota,https://npb.jp/bis/eng/players/81585134.html
Kyomoto Makoto,https://npb.jp/bis/eng/players/91795155.html
Kyoyama Masaya,https://npb.jp/bis/eng/players/11715134.html
Lopez Victor,https://npb.jp/bis/eng/players/23025159.html
Luciano Elvis,https://npb.jp/bis/eng/players/03005157.html
Machado Andres,https://npb.jp/bis/eng/players/43945159.html
Mae Yuito,https://npb.jp/bis/eng/players/41645151.html
Maeda Ginji,https://npb.jp/bis/eng/players/61865155.html
Maeda Jun,https://npb.jp/bis/eng/players/71875157.html
Maeda Kenki,https://npb.jp/bis/eng/players/81885153.html
Maeda Yamato,https://npb.jp/bis/eng/players/61465112.html
Maeda Yugo,https://npb.jp/bis/eng/players/13115159.html
Maegawa Ukyo,https://npb.jp/bis/eng/players/21825155.html
Maekawa Seita,https://npb.jp/bis/eng/players/41845155.html
Maki Shugo,https://npb.jp/bis/eng/players/13115153.html
Makihara Kota,https://npb.jp/bis/eng/players/33135153.html
Makihara Taisei,https://npb.jp/bis/eng/players/61465133.html
Makino Shoya,https://npb.jp/bis/eng/players/71675138.html
Mameda Taishi,https://npb.jp/bis/eng/players/23125153.html
Mannami Chusei,https://npb.jp/bis/eng/players/11815138.html
Marcelino Hansel,https://npb.jp/bis/eng/players/33235155.html
Martin Andy,https://npb.jp/bis/eng/players/93295159.html
Martinez Alexander,https://npb.jp/bis/eng/players/63965159.html
Martinez Anthony,https://npb.jp/bis/eng/players/13215159.html
Martinez Ariel,https://npb.jp/bis/eng/players/73975136.html
Martinez Raidel,https://npb.jp/bis/eng/players/23925134.html
Maru Yoshihiro,https://npb.jp/bis/eng/players/21425116.html
Maruyama Kazuya,https://npb.jp/bis/eng/players/93195155.html
Maruyama Shota,https://npb.jp/bis/eng/players/43145153.html
Masaki Tomoya,https://npb.jp/bis/eng/players/81885155.html
Mashiko Kyosuke,https://npb.jp/bis/eng/players/91695138.html
Masuda Daiki,https://npb.jp/bis/eng/players/51855132.html
Masuda Naoya,https://npb.jp/bis/eng/players/71675135.html
Masuda Riku,https://npb.jp/bis/eng/players/01605138.html
Masuda Shu,https://npb.jp/bis/eng/players/11815136.html
Masuda Takehisa,https://npb.jp/bis/eng/players/91895157.html
Masuda Tatsushi,https://npb.jp/bis/eng/players/71275137.html
Mataki Teppei,https://npb.jp/bis/eng/players/33135159.html
Matayoshi Katsuki,https://npb.jp/bis/eng/players/61265139.html
Matsuba Takahiro,https://npb.jp/bis/eng/players/21225137.html
Matsubara Kai,https://npb.jp/bis/eng/players/93195159.html
Matsubara Seiya,https://npb.jp/bis/eng/players/21825134.html
Matsuda Takuma,https://npb.jp/bis/eng/players/73175159.html
Matsui Hayate,https://npb.jp/bis/eng/players/01805157.html
Matsui Tomotaka,https://npb.jp/bis/eng/players/13115155.html
Matsuishi Shinya,https://npb.jp/bis/eng/players/53155159.html
Matsukawa Kou,https://npb.jp/bis/eng/players/53155155.html
Matsukihira Yuta,https://npb.jp/bis/eng/players/73175153.html
Matsumoto Go,https://npb.jp/bis/eng/players/21625135.html
Matsumoto Haru,https://npb.jp/bis/eng/players/41845157.html
Matsumoto Kengo,https://npb.jp/bis/eng/players/03105159.html
Matsumoto Naoki,https://npb.jp/bis/eng/players/51855136.html
Matsumoto Ryodai,https://npb.jp/bis/eng/players/03105153.html
Matsumoto Ryoto,https://npb.jp/bis/eng/players/23125159.html
Matsumoto Ryunosuke,https://npb.jp/bis/eng/players/93195153.html
Matsumoto Ryuya,https://npb.jp/bis/eng/players/73175155.html
Matsumoto Wataru,https://npb.jp/bis/eng/players/81685138.html
Matsumoto Yuki,https://npb.jp/bis/eng/players/61665130.html
Matsuo Shion,https://npb.jp/bis/eng/players/21825157.html
Matsuoka Koki,https://npb.jp/bis/eng/players/61665151.html
Matsuura Keito,https://npb.jp/bis/eng/players/33135155.html
Matsuyama Ryuhei,https://npb.jp/bis/eng/players/01405116.html
Matsuyama Shinya,https://npb.jp/bis/eng/players/61865157.html
Mejia Humberto,https://npb.jp/bis/eng/players/93295157.html
Mendez Yohander,https://npb.jp/bis/eng/players/93095157.html
Mercedes CC,https://npb.jp/bis/eng/players/33935134.html
Mieses Johan,https://npb.jp/bis/eng/players/73075157.html
Mima Manabu,https://npb.jp/bis/eng/players/01605133.html
Mimori Masaki,https://npb.jp/bis/eng/players/33135134.html
Minakuchi Sota,https://npb.jp/bis/eng/players/33135157.html
Minei Hiroki,https://npb.jp/bis/eng/players/71475139.html
Mishima Kazuki,https://npb.jp/bis/eng/players/41245137.html
Mishiro Yoshiki,https://npb.jp/bis/eng/players/43145155.html
Mitsuka Rui,https://npb.jp/bis/eng/players/13115157.html
Mitsumata Taiki,https://npb.jp/bis/eng/players/51655133.html
Miura Daiki,https://npb.jp/bis/eng/players/81885157.html
Miura Ginji,https://npb.jp/bis/eng/players/03105155.html
Miura Katsunari,https://npb.jp/bis/eng/players/43145159.html
Miura Mizuki,https://npb.jp/bis/eng/players/23125155.html
Miya Taisei,https://npb.jp/bis/eng/players/83185155.html
Miyagawa Tetsu,https://npb.jp/bis/eng/players/51855151.html
Miyagi Daita,https://npb.jp/bis/eng/players/51855138.html
Miyagi Hiroya,https://npb.jp/bis/eng/players/71875151.html
Miyaguni Riku,https://npb.jp/bis/eng/players/63165159.html
Miyamori Satoshi,https://npb.jp/bis/eng/players/13315155.html
Miyamoto Joseph Ken,https://npb.jp/bis/eng/players/51255153.html
Miyamoto Takeshi,https://npb.jp/bis/eng/players/01805136.html
Miyanishi Naoki,https://npb.jp/bis/eng/players/41445116.html
Miyasato Yuwa,https://npb.jp/bis/eng/players/13315159.html
Miyauchi Haruki,https://npb.jp/bis/eng/players/53155157.html
Miyazaki Hayato,https://npb.jp/bis/eng/players/73175157.html
Miyazaki Kazuki,https://npb.jp/bis/eng/players/83185159.html
Miyazaki Toshiro,https://npb.jp/bis/eng/players/51455137.html
Miyazawa Taisei,https://npb.jp/bis/eng/players/33335159.html
Miyoshi Hironori,https://npb.jp/bis/eng/players/83185153.html
Mizukami Kei,https://npb.jp/bis/eng/players/31835151.html
Mizukami Yoshinobu,https://npb.jp/bis/eng/players/63165153.html
Mizuno Tatsuki,https://npb.jp/bis/eng/players/63165155.html
Mizutani Shun,https://npb.jp/bis/eng/players/31835138.html
Mochimaru Taiki,https://npb.jp/bis/eng/players/81885151.html
Mogi Eigoro,https://npb.jp/bis/eng/players/61865132.html
Moinelo Livan,https://npb.jp/bis/eng/players/63965134.html
Mombetsu Keito,https://npb.jp/bis/eng/players/53355157.html
Momosaki Aoi,https://npb.jp/bis/eng/players/23325159.html
Monier Carlos,https://npb.jp/bis/eng/players/83985159.html
Montes Coco,https://npb.jp/bis/eng/players/23225159.html
Mori Hiroto,https://npb.jp/bis/eng/players/53355153.html
Mori Keito,https://npb.jp/bis/eng/players/33135151.html
Mori Ryotaro,https://npb.jp/bis/eng/players/61865136.html
Mori Shohei,https://npb.jp/bis/eng/players/93395155.html
Mori Tomoya,https://npb.jp/bis/eng/players/91495139.html
Mori Yuito,https://npb.jp/bis/eng/players/01405139.html
Morihara Kohei,https://npb.jp/bis/eng/players/93195134.html
Moriki Daichi,https://npb.jp/bis/eng/players/03305155.html
Morimoto Tessei,https://npb.jp/bis/eng/players/13315157.html
Morishima Ryota,https://npb.jp/bis/eng/players/83185157.html
Morishita Masato,https://npb.jp/bis/eng/players/53155151.html
Morishita Ryudai,https://npb.jp/bis/eng/players/63165157.html
Morishita Shota,https://npb.jp/bis/eng/players/43145157.html
Morita Shunya,https://npb.jp/bis/eng/players/43345159.html
Moriura Daisuke,https://npb.jp/bis/eng/players/73375153.html
Moriwaki Ryosuke,https://npb.jp/bis/eng/players/71875138.html
Moriyama Akio,https://npb.jp/bis/eng/players/33335157.html
Moron Wilny,https://npb.jp/bis/eng/players/13015159.html
Motomae Fumiya,https://npb.jp/bis/eng/players/13115151.html
Motoyama Hiyu,https://npb.jp/bis/eng/players/33335153.html
Mukunoki Ren,https://npb.jp/bis/eng/players/33335155.html
Mune Yuma,https://npb.jp/bis/eng/players/11815130.html
Murabayashi Itsuki,https://npb.jp/bis/eng/players/41845132.html
Murakami Kyoichiro,https://npb.jp/bis/eng/players/93195157.html
Murakami Munetaka,https://npb.jp/bis/eng/players/41845136.html
Murakami Shoki,https://npb.jp/bis/eng/players/13315153.html
Murakami Shun,https://npb.jp/bis/eng/players/21825151.html
Murakawa Nagi,https://npb.jp/bis/eng/players/53355155.html
Muramatsu Kaito,https://npb.jp/bis/eng/players/03105157.html
Muranishi Ryota,https://npb.jp/bis/eng/players/41845151.html
Murata Kenichi,https://npb.jp/bis/eng/players/73375159.html
Murata Reon,https://npb.jp/bis/eng/players/93395159.html
Murayama Gen,https://npb.jp/bis/eng/players/03305159.html
Murayama Ryosuke,https://npb.jp/bis/eng/players/73375155.html
Murphy Patrick,https://npb.jp/bis/eng/players/23925159.html
Mutoh Atsuki,https://npb.jp/bis/eng/players/01805151.html
Myose Ryosuke,https://npb.jp/bis/eng/players/53355159.html
Nabara Norihiko,https://npb.jp/bis/eng/players/11415157.html
Nabatame Tsubasa,https://npb.jp/bis/eng/players/41245138.html
Nagamizu Keishin,https://npb.jp/bis/eng/players/61465159.html
Nagaoka Hideki,https://npb.jp/bis/eng/players/51455151.html
Nagasaka Kenya,https://npb.jp/bis/eng/players/91495134.html
Nagashimada Kirato,https://npb.jp/bis/eng/players/71475155.html
Nagata Sotaro,https://npb.jp/bis/eng/players/21225157.html
Naito Ho,https://npb.jp/bis/eng/players/91295157.html
Nakachi Reia,https://npb.jp/bis/eng/players/41245157.html
Nakada Yuto,https://npb.jp/bis/eng/players/41445159.html
Nakagawa Hayate,https://npb.jp/bis/eng/players/21425153.html
Nakagawa Hayato,https://npb.jp/bis/eng/players/51455155.html
Nakagawa Keita,https://npb.jp/bis/eng/players/51255138.html
Nakagawa Koh,https://npb.jp/bis/eng/players/21225136.html
Nakagawa Kota,https://npb.jp/bis/eng/players/81285132.html
Nakagawa Takuma,https://npb.jp/bis/eng/players/01405153.html
Nakajima Hiroyuki,https://npb.jp/bis/eng/players/01005113.html
Nakamigawa Yuta,https://npb.jp/bis/eng/players/61465153.html
Nakamori Shunsuke,https://npb.jp/bis/eng/players/31635153.html
Nakamura Akira,https://npb.jp/bis/eng/players/11215116.html
Nakamura Kento,https://npb.jp/bis/eng/players/01405155.html
Nakamura Ryota,https://npb.jp/bis/eng/players/11615153.html
Nakamura Shogo,https://npb.jp/bis/eng/players/51455130.html
Nakamura Shosei,https://npb.jp/bis/eng/players/81285136.html
Nakamura Takahiro,https://npb.jp/bis/eng/players/61265157.html
Nakamura Takeya,https://npb.jp/bis/eng/players/81085115.html
Nakamura Toshiya,https://npb.jp/bis/eng/players/01205138.html
Nakamura Yuhei,https://npb.jp/bis/eng/players/51255118.html
Nakamura Yuta,https://npb.jp/bis/eng/players/71075139.html
Nakano Takumu,https://npb.jp/bis/eng/players/41445153.html
Nakashima Daisuke,https://npb.jp/bis/eng/players/21425159.html
Nakashima Takuya,https://npb.jp/bis/eng/players/11215118.html
Nakata Ayumu,https://npb.jp/bis/eng/players/01205157.html
Nakata Keisuke,https://npb.jp/bis/eng/players/91495155.html
Nakata Sho,https://npb.jp/bis/eng/players/61065116.html
Nakata Yuito,https://npb.jp/bis/eng/players/71475151.html
Nakayama Raito,https://npb.jp/bis/eng/players/51655153.html
Nakayama Terukazu,https://npb.jp/bis/eng/players/81285157.html
Nakazaki Shota,https://npb.jp/bis/eng/players/31235133.html
Nakazawa Koki,https://npb.jp/bis/eng/players/01405159.html
Namiki Hidetaka,https://npb.jp/bis/eng/players/91695153.html
Naoe Daisuke,https://npb.jp/bis/eng/players/11215138.html
Narama Taiki,https://npb.jp/bis/eng/players/31435157.html
Narita Haruse,https://npb.jp/bis/eng/players/81485159.html
Nemoto Haruka,https://npb.jp/bis/eng/players/41645153.html
Neo Akira,https://npb.jp/bis/eng/players/81285138.html
Neuse Sheldon,https://npb.jp/bis/eng/players/73975157.html
Niho Akira,https://npb.jp/bis/eng/players/61265118.html
Nirasawa Yuya,https://npb.jp/bis/eng/players/01405151.html
Nishi Junya,https://npb.jp/bis/eng/players/91495151.html
Nishi Yuki,https://npb.jp/bis/eng/players/71275118.html
Nishida Akihisa,https://npb.jp/bis/eng/players/41245133.html
Nishidate Kota,https://npb.jp/bis/eng/players/11615159.html
Nishidate Yuhi,https://npb.jp/bis/eng/players/31635159.html
Nishigaki Masaya,https://npb.jp/bis/eng/players/61465155.html
Nishiguchi Naoto,https://npb.jp/bis/eng/players/41445134.html
Nishikawa Haruki,https://npb.jp/bis/eng/players/21225133.html
Nishikawa Manaya,https://npb.jp/bis/eng/players/51455136.html
Nishikawa Ryoma,https://npb.jp/bis/eng/players/71475132.html
Nishimaki Kenji,https://npb.jp/bis/eng/players/71475136.html
Nishimura Ruito,https://npb.jp/bis/eng/players/91495157.html
Nishimura Takahiro,https://npb.jp/bis/eng/players/91495136.html
Nishino Masahiro,https://npb.jp/bis/eng/players/91495130.html
Nishino Yuji,https://npb.jp/bis/eng/players/01205118.html
Nishio Ayuma,https://npb.jp/bis/eng/players/51455157.html
Nishiura Naomichi,https://npb.jp/bis/eng/players/91095139.html
Noda Kaito,https://npb.jp/bis/eng/players/21425157.html
Noguchi Kyosuke,https://npb.jp/bis/eng/players/01405157.html
Noguchi Tomoya,https://npb.jp/bis/eng/players/81485155.html
Noma Takayoshi,https://npb.jp/bis/eng/players/01405130.html
Nomura Daiju,https://npb.jp/bis/eng/players/11415138.html
Nomura Isami,https://npb.jp/bis/eng/players/11615155.html
Nomura Kazuki,https://npb.jp/bis/eng/players/61465157.html
Nomura Yuki,https://npb.jp/bis/eng/players/31435138.html
Nomura Yusuke,https://npb.jp/bis/eng/players/21425135.html
Nonaka Tento,https://npb.jp/bis/eng/players/41445157.html
Norimoto Takahiro,https://npb.jp/bis/eng/players/51055137.html
Numata Shohei,https://npb.jp/bis/eng/players/61265138.html
Obata Ryuhei,https://npb.jp/bis/eng/players/31535138.html
Oda Gouki,https://npb.jp/bis/eng/players/71575159.html
Oda Yuya,https://npb.jp/bis/eng/players/31535130.html
Odor Rougned,https://npb.jp/bis/eng/players/63565159.html
Ogasawara Shinnosuke,https://npb.jp/bis/eng/players/71575132.html
Ogasawara Sou,https://npb.jp/bis/eng/players/31535159.html
Ogata Riku,https://npb.jp/bis/eng/players/81585153.html
Ogata Shuto,https://npb.jp/bis/eng/players/61365136.html
Ogawa Ippei,https://npb.jp/bis/eng/players/11715151.html
Ogawa Ryusei,https://npb.jp/bis/eng/players/11715153.html
Ogawa Yasuhiro,https://npb.jp/bis/eng/players/11515137.html
Ogino Takashi,https://npb.jp/bis/eng/players/71575131.html
Ogoh Yuya,https://npb.jp/bis/eng/players/81385138.html
Ohe Kaito,https://npb.jp/bis/eng/players/61365159.html
Ohe Ryusei,https://npb.jp/bis/eng/players/71375134.html
Ohizumi Shuya,https://npb.jp/bis/eng/players/21325159.html
Ohmichi Haruki,https://npb.jp/bis/eng/players/41545153.html
Ohmori Minoru,https://npb.jp/bis/eng/players/21325138.html
Ohnishi Hiroki,https://npb.jp/bis/eng/players/41545151.html
Ohno Kazuo,https://npb.jp/bis/eng/players/21325157.html
Ohno Yudai,https://npb.jp/bis/eng/players/11515133.html
Ohnuki Shinichi,https://npb.jp/bis/eng/players/01305138.html
Ohsato Kosei,https://npb.jp/bis/eng/players/01305155.html
Ohsera Daichi,https://npb.jp/bis/eng/players/61365139.html
Ohshima Yohei,https://npb.jp/bis/eng/players/01305131.html
Ohshiro Gen,https://npb.jp/bis/eng/players/91395157.html
Ohshiro Koji,https://npb.jp/bis/eng/players/11515132.html
Ohshiro Shinno,https://npb.jp/bis/eng/players/01505153.html
Ohshiro Takumi,https://npb.jp/bis/eng/players/21325136.html
Ohshita Seiichiro,https://npb.jp/bis/eng/players/91595151.html
Ohta Hikaru,https://npb.jp/bis/eng/players/71375138.html
Ohta Kengo,https://npb.jp/bis/eng/players/81385130.html
Ohta Ryo,https://npb.jp/bis/eng/players/91395138.html
Ohta Taishi,https://npb.jp/bis/eng/players/41345118.html
Ohtake Fuga,https://npb.jp/bis/eng/players/21325155.html
Ohtake Koutaro,https://npb.jp/bis/eng/players/41345136.html
Ohtani Hikaru,https://npb.jp/bis/eng/players/81385159.html
Ohtsu Ryosuke,https://npb.jp/bis/eng/players/01305157.html
Ohtsu Ryoya,https://npb.jp/bis/eng/players/41345155.html
Ohuchi Seiya,https://npb.jp/bis/eng/players/41345159.html
Ohyama Ryo,https://npb.jp/bis/eng/players/11515159.html
Ohyama Yusuke,https://npb.jp/bis/eng/players/21325134.html
Ohzeki Tomohisa,https://npb.jp/bis/eng/players/01505151.html
Ojima Kazuya,https://npb.jp/bis/eng/players/11515138.html
Oka Hiromi,https://npb.jp/bis/eng/players/11515139.html
Okabayashi Yuki,https://npb.jp/bis/eng/players/81585151.html
Okada Akitake,https://npb.jp/bis/eng/players/91595132.html
Okada Masatoshi,https://npb.jp/bis/eng/players/31535139.html
Okada Takahiro,https://npb.jp/bis/eng/players/61365112.html
Okada Toshiya,https://npb.jp/bis/eng/players/11515131.html
Okada Yuki,https://npb.jp/bis/eng/players/81385155.html
Okadome Hidetaka,https://npb.jp/bis/eng/players/11515155.html
Okajima Takero,https://npb.jp/bis/eng/players/21325135.html
Okamoto Hiroto,https://npb.jp/bis/eng/players/61565153.html
Okamoto Kazuma,https://npb.jp/bis/eng/players/11515130.html
Okaue Jumpei,https://npb.jp/bis/eng/players/41345157.html
Okawara Sho,https://npb.jp/bis/eng/players/91395155.html
Okoye Louis,https://npb.jp/bis/eng/players/01505132.html
Okugawa Yasunobu,https://npb.jp/bis/eng/players/31735151.html
Okumura Koichi,https://npb.jp/bis/eng/players/51555159.html
Omagari Ren,https://npb.jp/bis/eng/players/21525153.html
Onaka Yuya,https://npb.jp/bis/eng/players/61365134.html
Ono Fumiya,https://npb.jp/bis/eng/players/51555130.html
Ono Taiki,https://npb.jp/bis/eng/players/81385134.html
Onodera Dan,https://npb.jp/bis/eng/players/71775151.html
Onuma Kenta,https://npb.jp/bis/eng/players/31735153.html
Osuna Jose,https://npb.jp/bis/eng/players/23525153.html
Osuna Roberto,https://npb.jp/bis/eng/players/13415155.html
Ota Taisei,https://npb.jp/bis/eng/players/81085155.html
Oyokawa Masaki,https://npb.jp/bis/eng/players/91795151.html
Ozuna Jose,https://npb.jp/bis/eng/players/53755157.html
Perdomo Luis,https://npb.jp/bis/eng/players/13215157.html
Polanco Gregory,https://npb.jp/bis/eng/players/63065155.html
Ponce Cody,https://npb.jp/bis/eng/players/83085155.html
Ramirez Moises,https://npb.jp/bis/eng/players/43045159.html
Ramos Eury,https://npb.jp/bis/eng/players/53455157.html
Reyes Franmil,https://npb.jp/bis/eng/players/73075159.html
Reynolds Matt,https://npb.jp/bis/eng/players/93095159.html
Roberto Nelson,https://npb.jp/bis/eng/players/63065159.html
Rodriguez Bryan,https://npb.jp/bis/eng/players/43745136.html
Rodriguez Christian,https://npb.jp/bis/eng/players/03005159.html
Rodriguez Elvin,https://npb.jp/bis/eng/players/43245157.html
Rodriguez Luis,https://npb.jp/bis/eng/players/83285155.html
Saiki Hiroto,https://npb.jp/bis/eng/players/41745134.html
Saiki Kaito,https://npb.jp/bis/eng/players/21725157.html
Saito Hiromasa,https://npb.jp/bis/eng/players/41745136.html
Saito Kyosuke,https://npb.jp/bis/eng/players/41745157.html
Saito Yukiya,https://npb.jp/bis/eng/players/21725138.html
Saitoh Kohki,https://npb.jp/bis/eng/players/11915130.html
Saitoh Shinji,https://npb.jp/bis/eng/players/31035153.html
Saitoh Yuta,https://npb.jp/bis/eng/players/61765157.html
Sakaeda Yuki,https://npb.jp/bis/eng/players/51055153.html
Sakaguchi Kousuke,https://npb.jp/bis/eng/players/81785136.html
Sakaguchi Uta,https://npb.jp/bis/eng/players/71975155.html
Sakai Haruto,https://npb.jp/bis/eng/players/11915159.html
Sakai Tomohito,https://npb.jp/bis/eng/players/61765134.html
Sakakura Shogo,https://npb.jp/bis/eng/players/11915134.html
Sakamoto Hayato,https://npb.jp/bis/eng/players/51955114.html
Sakamoto Hayato,https://npb.jp/bis/eng/players/71075153.html
Sakamoto Koshiro,https://npb.jp/bis/eng/players/41745138.html
Sakamoto Seishiro,https://npb.jp/bis/eng/players/11915132.html
Sakamoto Takumi,https://npb.jp/bis/eng/players/81785157.html
Sakamoto Yuya,https://npb.jp/bis/eng/players/11015151.html
Sakata Rei,https://npb.jp/bis/eng/players/91995155.html
Sakuma Takuto,https://npb.jp/bis/eng/players/01905155.html
Sakura Kyoshiro,https://npb.jp/bis/eng/players/31935159.html
Sakurai Shuto,https://npb.jp/bis/eng/players/11915136.html
Sano Keita,https://npb.jp/bis/eng/players/91995134.html
Sano Kodai,https://npb.jp/bis/eng/players/91995130.html
Santana Domingo,https://npb.jp/bis/eng/players/53755153.html
Sarduy Dario,https://npb.jp/bis/eng/players/03705159.html
Sasagawa Yoshiyasu,https://npb.jp/bis/eng/players/91095153.html
Sasahara Misaki,https://npb.jp/bis/eng/players/21925155.html
Sasaki Akito,https://npb.jp/bis/eng/players/11915157.html
Sasaki Chihaya,https://npb.jp/bis/eng/players/71975134.html
Sasaki Roki,https://npb.jp/bis/eng/players/31035151.html
Sasaki Shunsuke,https://npb.jp/bis/eng/players/51955159.html
Sasaki Takeru,https://npb.jp/bis/eng/players/01005153.html
Sato Keisuke,https://npb.jp/bis/eng/players/71975159.html
Sato Shunsuke,https://npb.jp/bis/eng/players/41945155.html
Sato Teruaki,https://npb.jp/bis/eng/players/41045153.html
Satoh Hiroki,https://npb.jp/bis/eng/players/61065153.html
Satoh Kazuma,https://npb.jp/bis/eng/players/51055151.html
Satoh Kota,https://npb.jp/bis/eng/players/31935157.html
Satoh Naoki,https://npb.jp/bis/eng/players/91095151.html
Satoh Ren,https://npb.jp/bis/eng/players/81085153.html
Satoh Ryusei,https://npb.jp/bis/eng/players/81785138.html
Satoh Takuma,https://npb.jp/bis/eng/players/61965155.html
Satoh Toshiya,https://npb.jp/bis/eng/players/71075151.html
Sawada Keisuke,https://npb.jp/bis/eng/players/01905134.html
Sawai Ren,https://npb.jp/bis/eng/players/51955157.html
Sawamura Hirokazu,https://npb.jp/bis/eng/players/81985133.html
Sawano Kiyoharu,https://npb.jp/bis/eng/players/21025151.html
Sawayanagi Ryotaro,https://npb.jp/bis/eng/players/91995159.html
Scheiner Jake,https://npb.jp/bis/eng/players/23725159.html
Seimiya Kotaro,https://npb.jp/bis/eng/players/41945138.html
Sekine Taiki,https://npb.jp/bis/eng/players/31935139.html
Shibata Daichi,https://npb.jp/bis/eng/players/81985155.html
Shibata Tatsuhiro,https://npb.jp/bis/eng/players/41945132.html
Shigematsu Kaito,https://npb.jp/bis/eng/players/71975157.html
Shigenobu Shinnosuke,https://npb.jp/bis/eng/players/21925132.html
Shiiba Tsuyoshi,https://npb.jp/bis/eng/players/21925159.html
Shimada Kairi,https://npb.jp/bis/eng/players/91995136.html
Shimamoto Hiroya,https://npb.jp/bis/eng/players/51055133.html
Shimauchi Hiroaki,https://npb.jp/bis/eng/players/71975135.html
Shimauchi Sotaro,https://npb.jp/bis/eng/players/31935138.html
Shimizu Kanato,https://npb.jp/bis/eng/players/91995157.html
Shimizu Manato,https://npb.jp/bis/eng/players/41945159.html
Shimizu Noboru,https://npb.jp/bis/eng/players/51955138.html
Shimizu Tatsuya,https://npb.jp/bis/eng/players/01905136.html
Shimizu Yushi,https://npb.jp/bis/eng/players/61965130.html
Shimo Shinnosuke,https://npb.jp/bis/eng/players/31235153.html
Shimomura Kaito,https://npb.jp/bis/eng/players/61965159.html
Shinto Yuya,https://npb.jp/bis/eng/players/11015159.html
Shinya Soh,https://npb.jp/bis/eng/players/31035155.html
Shiomi Yasutaka,https://npb.jp/bis/eng/players/71975136.html
Shirahama Kaiki,https://npb.jp/bis/eng/players/41945157.html
Shiroki Yamato,https://npb.jp/bis/eng/players/11015155.html
Shoji Haruto,https://npb.jp/bis/eng/players/81985159.html
Shoji Kosei,https://npb.jp/bis/eng/players/21925157.html
Shuto Ukyo,https://npb.jp/bis/eng/players/21925136.html
Simon Marco,https://npb.jp/bis/eng/players/23925155.html
Sinclair Joseph Konosuke,https://npb.jp/bis/eng/players/01905159.html
Sneed Cy,https://npb.jp/bis/eng/players/33735153.html
Sobue Daisuke,https://npb.jp/bis/eng/players/91995139.html
Sone Kaisei,https://npb.jp/bis/eng/players/51955139.html
Sonoda Atsuki,https://npb.jp/bis/eng/players/21025159.html
Sotani Ryuhei,https://npb.jp/bis/eng/players/81985157.html
Soto Neftali,https://npb.jp/bis/eng/players/03505136.html
Stevenson Andrew,https://npb.jp/bis/eng/players/63765159.html
Stewart Jr. Carter,https://npb.jp/bis/eng/players/53755138.html
Suekane Shota,https://npb.jp/bis/eng/players/51055155.html
Suga Hiroto,https://npb.jp/bis/eng/players/31035159.html
Sugai Shinya,https://npb.jp/bis/eng/players/71075155.html
Sugano Tomoyuki,https://npb.jp/bis/eng/players/41745137.html
Sugano Tsuyoshi,https://npb.jp/bis/eng/players/41945136.html
Sugihara Mirai,https://npb.jp/bis/eng/players/71075159.html
Sugimoto Yutaro,https://npb.jp/bis/eng/players/61965132.html
Sugisawa Ryu,https://npb.jp/bis/eng/players/61965157.html
Sugita Takeru,https://npb.jp/bis/eng/players/51055159.html
Sugiura Toshihiro,https://npb.jp/bis/eng/players/61765139.html
Sugiyama Haruki,https://npb.jp/bis/eng/players/91095159.html
Sugiyama Kazuki,https://npb.jp/bis/eng/players/91995138.html
Sumida Chihiro,https://npb.jp/bis/eng/players/21025155.html
Sumitani Ginjiro,https://npb.jp/bis/eng/players/91995112.html
Sun Yi-Lei,https://npb.jp/bis/eng/players/83785159.html
Sunada Yoshiki,https://npb.jp/bis/eng/players/11915139.html
Sunagawa Richard,https://npb.jp/bis/eng/players/11015136.html
Sung Chia-Hao,https://npb.jp/bis/eng/players/73575132.html
Suzuki Daichi,https://npb.jp/bis/eng/players/81985135.html
Suzuki Hiroshi,https://npb.jp/bis/eng/players/61965136.html
Suzuki Kenya,https://npb.jp/bis/eng/players/61065151.html
Suzuki Kohei,https://npb.jp/bis/eng/players/51755136.html
Suzuki Kyo,https://npb.jp/bis/eng/players/01005159.html
Suzuki Ren,https://npb.jp/bis/eng/players/93595157.html
Suzuki Shohei,https://npb.jp/bis/eng/players/31035134.html
Suzuki Shota,https://npb.jp/bis/eng/players/71275153.html
Suzuki Sora,https://npb.jp/bis/eng/players/01905138.html
Suzuki Yamato,https://npb.jp/bis/eng/players/91095155.html
Suzuki Yuto,https://npb.jp/bis/eng/players/01005155.html
Taguchi Kazuto,https://npb.jp/bis/eng/players/41945139.html
Tai Katsutoshi,https://npb.jp/bis/eng/players/61065155.html
Taira Kaima,https://npb.jp/bis/eng/players/31035136.html
Taira Kentaro,https://npb.jp/bis/eng/players/01905139.html
Taira Ryuya,https://npb.jp/bis/eng/players/11015157.html
Tajima Daiki,https://npb.jp/bis/eng/players/41045136.html
Tajima Shinji,https://npb.jp/bis/eng/players/21025135.html
Taka Taichi,https://npb.jp/bis/eng/players/41045159.html
Takabe Akito,https://npb.jp/bis/eng/players/11215151.html
Takada Koichi,https://npb.jp/bis/eng/players/01205153.html
Takada Takuto,https://npb.jp/bis/eng/players/21225153.html
Takagi Shoto,https://npb.jp/bis/eng/players/11215155.html
Takagi Wataru,https://npb.jp/bis/eng/players/71075136.html
Takahama Yuto,https://npb.jp/bis/eng/players/01005130.html
Takahashi Bo,https://npb.jp/bis/eng/players/43045155.html
Takahashi Haruto,https://npb.jp/bis/eng/players/91095136.html
Takahashi Hiroto,https://npb.jp/bis/eng/players/61265153.html
Takahashi Keiji,https://npb.jp/bis/eng/players/51055132.html
Takahashi Kona,https://npb.jp/bis/eng/players/71075130.html
Takahashi Kouya,https://npb.jp/bis/eng/players/01005134.html
Takahashi Rei,https://npb.jp/bis/eng/players/01005136.html
Takahashi Shosei,https://npb.jp/bis/eng/players/53255159.html
Takahashi Shuhei,https://npb.jp/bis/eng/players/91095135.html
Takahashi Yuki,https://npb.jp/bis/eng/players/61965138.html
Takamatsu Wataru,https://npb.jp/bis/eng/players/21025136.html
Takamizawa Ikumi,https://npb.jp/bis/eng/players/11215159.html
Takanashi Hirotoshi,https://npb.jp/bis/eng/players/21925139.html
Takanashi Yuhei,https://npb.jp/bis/eng/players/91095134.html
Takano Shuta,https://npb.jp/bis/eng/players/31035157.html
Takano Souta,https://npb.jp/bis/eng/players/81085159.html
Takashima Taito,https://npb.jp/bis/eng/players/61065159.html
Takatera Nozomu,https://npb.jp/bis/eng/players/41245153.html
Takeda Aito,https://npb.jp/bis/eng/players/31535132.html
Takeda Riku,https://npb.jp/bis/eng/players/91295159.html
Takeda Shota,https://npb.jp/bis/eng/players/01005135.html
Takeoka Ryusei,https://npb.jp/bis/eng/players/71275151.html
Takeshita Akihiro,https://npb.jp/bis/eng/players/51055157.html
Takeuchi Natsuki,https://npb.jp/bis/eng/players/51255159.html
Takeuchi Ryota,https://npb.jp/bis/eng/players/71275159.html
Takeuchi Ryushin,https://npb.jp/bis/eng/players/51255151.html
Takeyama Hyuga,https://npb.jp/bis/eng/players/91295155.html
Takimoto Masaki,https://npb.jp/bis/eng/players/71275155.html
Takinaka Ryota,https://npb.jp/bis/eng/players/31235151.html
Takita Kazuki,https://npb.jp/bis/eng/players/31235159.html
Takizawa Natsuo,https://npb.jp/bis/eng/players/51255155.html
Tamai Taisho,https://npb.jp/bis/eng/players/91295134.html
Tamamura Shogo,https://npb.jp/bis/eng/players/41245151.html
Tamiya Yua,https://npb.jp/bis/eng/players/51055138.html
Tamura Ichiro,https://npb.jp/bis/eng/players/01205134.html
Tamura Shunsuke,https://npb.jp/bis/eng/players/61265155.html
Tamura Tatsuhiro,https://npb.jp/bis/eng/players/41945137.html
Tamura Tomoki,https://npb.jp/bis/eng/players/41045157.html
Tanaka Chiharu,https://npb.jp/bis/eng/players/91095157.html
Tanaka Eito,https://npb.jp/bis/eng/players/61065136.html
Tanaka Fuki,https://npb.jp/bis/eng/players/21225155.html
Tanaka Haruya,https://npb.jp/bis/eng/players/01005157.html
Tanaka Kazuki,https://npb.jp/bis/eng/players/11215134.html
Tanaka Kosuke,https://npb.jp/bis/eng/players/61965139.html
Tanaka Leiri Hammond,https://npb.jp/bis/eng/players/41245155.html
Tanaka Masahiro,https://npb.jp/bis/eng/players/11215114.html
Tanaka Mikiya,https://npb.jp/bis/eng/players/21025157.html
Tanaka Seigi,https://npb.jp/bis/eng/players/31235134.html
Tanaka Takaya,https://npb.jp/bis/eng/players/31235130.html
Taneichi Atsuki,https://npb.jp/bis/eng/players/71275134.html
Tanigawara Kenta,https://npb.jp/bis/eng/players/11215132.html
Taniguchi Asahi,https://npb.jp/bis/eng/players/01205159.html
Tanoue Sota,https://npb.jp/bis/eng/players/11415153.html
Tanoue Yuya,https://npb.jp/bis/eng/players/21225159.html
Tateoka Soichiro,https://npb.jp/bis/eng/players/81985118.html
Tatsu Kota,https://npb.jp/bis/eng/players/01205155.html
Tatsumi Konosuke,https://npb.jp/bis/eng/players/71075157.html
Tatsumi Ryosuke,https://npb.jp/bis/eng/players/11015138.html
Taura Fumimaru,https://npb.jp/bis/eng/players/51055136.html
Terachi Ryusei,https://npb.jp/bis/eng/players/51455159.html
Thomas Cody,https://npb.jp/bis/eng/players/53955159.html
Tima Julian,https://npb.jp/bis/eng/players/13015153.html
Tobashira Yasutaka,https://npb.jp/bis/eng/players/41245132.html
Tobita Yusei,https://npb.jp/bis/eng/players/31235157.html
Toda Natsuki,https://npb.jp/bis/eng/players/91495153.html
Togo Shosei,https://npb.jp/bis/eng/players/41045138.html
Toi Reiji,https://npb.jp/bis/eng/players/11215157.html
Tojo Taiki,https://npb.jp/bis/eng/players/21225132.html
Tokoda Hiroki,https://npb.jp/bis/eng/players/11415134.html
Tokuyama Souma,https://npb.jp/bis/eng/players/81285155.html
Tomida Ren,https://npb.jp/bis/eng/players/51255157.html
Tomida Ryu,https://npb.jp/bis/eng/players/11415155.html
Tomiyama Konoshin,https://npb.jp/bis/eng/players/91495159.html
Tomiyama Ryoga,https://npb.jp/bis/eng/players/61065138.html
Tomosugi Atsuki,https://npb.jp/bis/eng/players/71275157.html
Tone Chiaki,https://npb.jp/bis/eng/players/21225130.html
Tongu Yuma,https://npb.jp/bis/eng/players/81085138.html
Tonosaki Shuta,https://npb.jp/bis/eng/players/41245130.html
Toumatsu Kaisei,https://npb.jp/bis/eng/players/71475159.html
Toyoda Hiroshi,https://npb.jp/bis/eng/players/31435155.html
Tsuchida Ryuku,https://npb.jp/bis/eng/players/51455153.html
Tsuda Junya,https://npb.jp/bis/eng/players/11415159.html
Tsuda Keishi,https://npb.jp/bis/eng/players/81285159.html
Tsuge Sena,https://npb.jp/bis/eng/players/61265151.html
Tsuji Taiga,https://npb.jp/bis/eng/players/81085157.html
Tsujimoto Rintaro,https://npb.jp/bis/eng/players/61265159.html
Tsumori Yuki,https://npb.jp/bis/eng/players/81285151.html
Tsunehiro Hayato,https://npb.jp/bis/eng/players/31435159.html
Tsurusaki Taisei,https://npb.jp/bis/eng/players/11415151.html
Tsutsugoh Yoshitomo,https://npb.jp/bis/eng/players/41945131.html
Turley Nik,https://npb.jp/bis/eng/players/13015155.html
Tysinger Brandon Taiga,https://npb.jp/bis/eng/players/91295153.html
Uchi Seiryu,https://npb.jp/bis/eng/players/51555153.html
Uchida Shodai,https://npb.jp/bis/eng/players/51355157.html
Uchima Takuma,https://npb.jp/bis/eng/players/71575153.html
Uchino Kaito,https://npb.jp/bis/eng/players/71375157.html
Uchiyama Souma,https://npb.jp/bis/eng/players/91595153.html
Udagawa Yuki,https://npb.jp/bis/eng/players/31535153.html
Uebayashi Seiji,https://npb.jp/bis/eng/players/91395139.html
Ueda Kai,https://npb.jp/bis/eng/players/01305130.html
Ueda Kotaro,https://npb.jp/bis/eng/players/11515153.html
Ueda Kyuto,https://npb.jp/bis/eng/players/71375159.html
Ueda Shota,https://npb.jp/bis/eng/players/91395151.html
Ueda Taiga,https://npb.jp/bis/eng/players/91395159.html
Uehara Kenta,https://npb.jp/bis/eng/players/41345132.html
Uema Towa,https://npb.jp/bis/eng/players/21325151.html
Uemoto Takashi,https://npb.jp/bis/eng/players/31335137.html
Ueno Kyohei,https://npb.jp/bis/eng/players/01305151.html
Ugusa Koki,https://npb.jp/bis/eng/players/41345151.html
Ukai Kosuke,https://npb.jp/bis/eng/players/71375155.html
Umebayashi Yuki,https://npb.jp/bis/eng/players/11515151.html
Umeno Ryutaro,https://npb.jp/bis/eng/players/21325139.html
Umeno Yugo,https://npb.jp/bis/eng/players/51355134.html
Umetsu Kodai,https://npb.jp/bis/eng/players/81185138.html
Umino Takashi,https://npb.jp/bis/eng/players/81385151.html
Urena Estamy,https://npb.jp/bis/eng/players/13315151.html
Urushihara Taisei,https://npb.jp/bis/eng/players/11315138.html
Usami Shingo,https://npb.jp/bis/eng/players/61365132.html
Utsunomiya Kisara,https://npb.jp/bis/eng/players/01305159.html
VerHagen Drew,https://npb.jp/bis/eng/players/33735151.html
Viciedo Dayan,https://npb.jp/bis/eng/players/13715132.html
Wada Koshiro,https://npb.jp/bis/eng/players/33335136.html
Wada Tsuyoshi,https://npb.jp/bis/eng/players/11815117.html
Wakabayashi Akihiro,https://npb.jp/bis/eng/players/13315136.html
Wakabayashi Gakuto,https://npb.jp/bis/eng/players/53555153.html
Wakatsuki Kenya,https://npb.jp/bis/eng/players/41645139.html
Wakui Hideaki,https://npb.jp/bis/eng/players/31635110.html
Walker Adam,https://npb.jp/bis/eng/players/03705155.html
Wang Yan-Cheng,https://npb.jp/bis/eng/players/43745138.html
Watanabe Aki,https://npb.jp/bis/eng/players/03505157.html
Watanabe Haruto,https://npb.jp/bis/eng/players/63565155.html
Watanabe Kento,https://npb.jp/bis/eng/players/73575153.html
Watanabe Riku,https://npb.jp/bis/eng/players/93195138.html
Watanabe Ryo,https://npb.jp/bis/eng/players/81685139.html
Watanabe Shota,https://npb.jp/bis/eng/players/23525157.html
Watanabe Yoshiaki,https://npb.jp/bis/eng/players/73175138.html
Watanabe Yuki,https://npb.jp/bis/eng/players/73375136.html
Watanabe Yutaro,https://npb.jp/bis/eng/players/53155138.html
Watarai Ryuki,https://npb.jp/bis/eng/players/33535159.html
Waters RikaiJyumile,https://npb.jp/bis/eng/players/13515159.html
Wendelken J.B.,https://npb.jp/bis/eng/players/13715157.html
Wick Rowan,https://npb.jp/bis/eng/players/03505159.html
Yagi Akira,https://npb.jp/bis/eng/players/23325155.html
Yajure Miguel,https://npb.jp/bis/eng/players/33035159.html
Yamaasa Ryunosuke,https://npb.jp/bis/eng/players/93395157.html
Yamaashi Tatsuya,https://npb.jp/bis/eng/players/13115136.html
Yamada Haruka,https://npb.jp/bis/eng/players/13115130.html
Yamada Haruto,https://npb.jp/bis/eng/players/43345157.html
Yamada Nobuyoshi,https://npb.jp/bis/eng/players/61465131.html
Yamada Ryusei,https://npb.jp/bis/eng/players/53555155.html
Yamada Shuya,https://npb.jp/bis/eng/players/63365159.html
Yamada Tetsuto,https://npb.jp/bis/eng/players/91895133.html
Yamaguchi Ataru,https://npb.jp/bis/eng/players/03305157.html
Yamaguchi Koki,https://npb.jp/bis/eng/players/91895138.html
Yamakawa Hotaka,https://npb.jp/bis/eng/players/21425139.html
Yamamoto Daiki,https://npb.jp/bis/eng/players/93195136.html
Yamamoto Daito,https://npb.jp/bis/eng/players/33535153.html
Yamamoto Keita,https://npb.jp/bis/eng/players/93595155.html
Yamamoto Kodai,https://npb.jp/bis/eng/players/63365157.html
Yamamoto Takumi,https://npb.jp/bis/eng/players/03105136.html
Yamamoto Yasuhiro,https://npb.jp/bis/eng/players/93195132.html
Yamamoto Yuudai,https://npb.jp/bis/eng/players/23125136.html
Yamamura Takayoshi,https://npb.jp/bis/eng/players/83385153.html
Yamanaka Takayuki,https://npb.jp/bis/eng/players/73575155.html
Yamano Taichi,https://npb.jp/bis/eng/players/63365153.html
Yamanobe Kakeru,https://npb.jp/bis/eng/players/21825138.html
Yamaoka Taisuke,https://npb.jp/bis/eng/players/83185134.html
Yamasaki Iori,https://npb.jp/bis/eng/players/03305153.html
Yamasaki Kotaro,https://npb.jp/bis/eng/players/33135132.html
Yamasaki Sachiya,https://npb.jp/bis/eng/players/21825130.html
Yamasaki Takuma,https://npb.jp/bis/eng/players/13515155.html
Yamasaki Tsuyoshi,https://npb.jp/bis/eng/players/73175136.html
Yamasaki Yasuaki,https://npb.jp/bis/eng/players/41845130.html
Yamasaki Yusuke,https://npb.jp/bis/eng/players/23325153.html
Yamase Shinnosuke,https://npb.jp/bis/eng/players/03105151.html
Yamashita Hikaru,https://npb.jp/bis/eng/players/33535155.html
Yamashita Kyogo,https://npb.jp/bis/eng/players/23325157.html
Yamashita Shunpeita,https://npb.jp/bis/eng/players/43345153.html
Yamazaki Soichiro,https://npb.jp/bis/eng/players/33335134.html
Yan Jefry,https://npb.jp/bis/eng/players/53055159.html
Yanagawa Taisei,https://npb.jp/bis/eng/players/63365155.html
Yanagi Yuya,https://npb.jp/bis/eng/players/63165134.html
Yanagimachi Tatsuru,https://npb.jp/bis/eng/players/73175151.html
Yanagisawa Ozora,https://npb.jp/bis/eng/players/83385155.html
Yanagita Yuki,https://npb.jp/bis/eng/players/31835133.html
Yano Masaya,https://npb.jp/bis/eng/players/93395153.html
Yasaki Takuya,https://npb.jp/bis/eng/players/71575134.html
Yasuda Hisanori,https://npb.jp/bis/eng/players/81885136.html
Yasuda Yuma,https://npb.jp/bis/eng/players/43345155.html
Yazawa Kota,https://npb.jp/bis/eng/players/73375157.html
Yohkawa Naomasa,https://npb.jp/bis/eng/players/11615139.html
Yokogawa Kai,https://npb.jp/bis/eng/players/81885138.html
Yokoyama Kaede,https://npb.jp/bis/eng/players/03505155.html
Yokoyama Rikuto,https://npb.jp/bis/eng/players/23125151.html
Yokoyama Seiya,https://npb.jp/bis/eng/players/83385159.html
Yoshida Kengo,https://npb.jp/bis/eng/players/13515157.html
Yoshida Kosei,https://npb.jp/bis/eng/players/13115138.html
Yoshida Ryo,https://npb.jp/bis/eng/players/13315132.html
Yoshikawa Kazuki,https://npb.jp/bis/eng/players/23525155.html
Yoshikawa Naoki,https://npb.jp/bis/eng/players/73375134.html
Yoshikawa Yuto,https://npb.jp/bis/eng/players/83385157.html
Yoshimura Kojiro,https://npb.jp/bis/eng/players/53555157.html
Yoshimura Yusefu,https://npb.jp/bis/eng/players/73575157.html
Yoshino Soshi,https://npb.jp/bis/eng/players/43545155.html
Yoshino Teruki,https://npb.jp/bis/eng/players/33535157.html
Yoza Kaito,https://npb.jp/bis/eng/players/63165136.html
Yuasa Atsuki,https://npb.jp/bis/eng/players/41845138.html
Yuasa Dai,https://npb.jp/bis/eng/players/43145136.html
Yuge Hayato,https://npb.jp/bis/eng/players/61865138.html
Zabala Aneurys,https://npb.jp/bis/eng/players/93795159.html
